iso3,country,region,commodity,prod_base_t,price_base_usd_t,value_base_usd,share,value_per_forest_ha
AGO,Angola,Africa,Beef,82242.0,2170.0,178465140.0,0.8578501603988432,3.763607205894551
AGO,Angola,Africa,Palm oil,49400.0,594.4,29363360.0,0.1411444447125583,3.763607205894551
AGO,Angola,Africa,Soybeans,700.0,298.8,209160.0,0.0010053948885985354,3.763607205894551
ARG,Argentina,Latin America & Caribbean,Beef,2662590.6,2170.0,5777821602.0,0.5401181919189193,273.7992514690759
ARG,Argentina,Latin America & Caribbean,Palm oil,0.0,594.4,0.0,0.0,273.7992514690759
ARG,Argentina,Latin America & Caribbean,Soybeans,16464212.4,298.8,4919506665.12,0.4598818080810808,273.7992514690759
AUS,Australia,Asia-Pacific,Beef,1901736.2,2170.0,4126767554.0,0.9944384288598849,98.14819988533976
AUS,Australia,Asia-Pacific,Palm oil,0.0,594.4,0.0,0.0,98.14819988533976
AUS,Australia,Asia-Pacific,Soybeans,77241.2,298.8,23079670.56,0.0055615711401151855,98.14819988533976
BGD,Bangladesh,Asia-Pacific,Beef,168060.0,2170.0,364690200.0,1.0,188.08575950884935
BGD,Bangladesh,Asia-Pacific,Palm oil,0.0,594.4,0.0,0.0,188.08575950884935
BGD,Bangladesh,Asia-Pacific,Soybeans,0.0,298.8,0.0,0.0,188.08575950884935
BLZ,Belize,Latin America & Caribbean,Beef,1188.4,2170.0,2578828.0,0.9436682291156502,1.5600226973026972
BLZ,Belize,Latin America & Caribbean,Palm oil,0.0,594.4,0.0,0.0,1.5600226973026972
BLZ,Belize,Latin America & Caribbean,Soybeans,515.2,298.8,153941.76,0.05633177088434996,1.5600226973026972
BOL,Bolivia,Latin America & Caribbean,Beef,152145.0,2170.0,330154650.0,0.517685220011067,9.879003110541444
BOL,Bolivia,Latin America & Caribbean,Palm oil,0.0,594.4,0.0,0.0,9.879003110541444
BOL,Bolivia,Latin America & Caribbean,Soybeans,1029441.4,298.8,307597090.32,0.48231477998893313,9.879003110541444
BRA,Brazil,Latin America & Caribbean,Beef,6178960.0,2170.0,13408343200.0,0.6065077976270624,42.591600905162075
BRA,Brazil,Latin America & Caribbean,Palm oil,89700.0,594.4,53317680.0,0.0024117512647934365,42.591600905162075
BRA,Brazil,Latin America & Caribbean,Soybeans,28935050.4,298.8,8645793059.52,0.39108045110814416,42.591600905162075
BTN,Bhutan,Asia-Pacific,Beef,683.228,2170.0,1482604.76,0.9170730232681252,0.6272879508993737
BTN,Bhutan,Asia-Pacific,Palm oil,0.0,594.4,0.0,0.0,0.6272879508993737
BTN,Bhutan,Asia-Pacific,Soybeans,448.67999999999995,298.8,134065.584,0.08292697673187478,0.6272879508993737
CAF,Central African Republic,Africa,Beef,56105.0,2170.0,121747850.0,0.9872720933798459,2.6196778850506695
CAF,Central African Republic,Africa,Palm oil,2640.6,594.4,1569572.64,0.012727906620154123,2.6196778850506695
CAF,Central African Republic,Africa,Soybeans,0.0,298.8,0.0,0.0,2.6196778850506695
CIV,Côte d'Ivoire,Africa,Beef,21037.4,2170.0,45651158.0,0.21947574428503525,13.99082984497086
CIV,Côte d'Ivoire,Africa,Palm oil,271592.8,594.4,161434760.32,0.7761252009140331,13.99082984497086
CIV,Côte d'Ivoire,Africa,Soybeans,3062.2740000000003,298.8,915007.4712000001,0.004399054800931621,13.99082984497086
CMR,Cameroon,Africa,Beef,84942.0,2170.0,184324140.0,0.6838338221340322,8.568055962809877
CMR,Cameroon,Africa,Palm oil,140592.8,594.4,83568360.32,0.3100346555101225,8.568055962809877
CMR,Cameroon,Africa,Soybeans,5531.2,298.8,1652722.56,0.006131522355845211,8.568055962809877
COD,Democratic Republic of the Congo,Africa,Beef,14520.4,2170.0,31509268.0,0.23015331945849143,0.687028143189182
COD,Democratic Republic of the Congo,Africa,Palm oil,171690.0,594.4,102052536.0,0.7454228996864414,0.687028143189182
COD,Democratic Republic of the Congo,Africa,Soybeans,11190.6,298.8,3343751.2800000003,0.02442378085506714,0.687028143189182
COG,Republic of the Congo,Africa,Beef,1453.92,2170.0,3155006.4000000004,0.24430929159673268,0.4893807204303736
COG,Republic of the Congo,Africa,Palm oil,16418.2,594.4,9758978.08,0.7556907084032674,0.4893807204303736
COG,Republic of the Congo,Africa,Soybeans,0.0,298.8,0.0,0.0,0.4893807204303736
COL,Colombia,Latin America & Caribbean,Beef,744004.4,2170.0,1614489548.0,0.8472577519613126,23.279727126071005
COL,Colombia,Latin America & Caribbean,Palm oil,459650.0,594.4,273215960.0,0.14337927449348337,23.279727126071005
COL,Colombia,Latin America & Caribbean,Soybeans,59710.8,298.8,17841587.040000003,0.00936297354520408,23.279727126071005
CRI,Costa Rica,Latin America & Caribbean,Beef,86260.4,2170.0,187185068.0,0.7402887148367564,64.61691809566061
CRI,Costa Rica,Latin America & Caribbean,Palm oil,110479.6,594.4,65669074.24,0.2597112851632436,64.61691809566061
CRI,Costa Rica,Latin America & Caribbean,Soybeans,0.0,298.8,0.0,0.0,64.61691809566061
CUB,Cuba,Latin America & Caribbean,Beef,73697.0,2170.0,159922490.0,1.0,39.83516439720361
CUB,Cuba,Latin America & Caribbean,Palm oil,0.0,594.4,0.0,0.0,39.83516439720361
CUB,Cuba,Latin America & Caribbean,Soybeans,0.0,298.8,0.0,0.0,39.83516439720361
DOM,Dominican Republic,Latin America & Caribbean,Beef,65294.52,2170.0,141689108.4,0.9054214878763204,60.73876739902144
DOM,Dominican Republic,Latin America & Caribbean,Palm oil,24900.0,594.4,14800560.0,0.0945785121236796,60.73876739902144
DOM,Dominican Republic,Latin America & Caribbean,Soybeans,0.0,298.8,0.0,0.0,60.73876739902144
ECU,Ecuador,Latin America & Caribbean,Beef,160406.4,2170.0,348081888.0,0.7062702570310487,25.872811008039992
ECU,Ecuador,Latin America & Caribbean,Palm oil,216572.4,594.4,128730634.55999999,0.2611989347703756,25.872811008039992
ECU,Ecuador,Latin America & Caribbean,Soybeans,53656.8,298.8,16032651.840000002,0.03253080819857573,25.872811008039992
ETH,Ethiopia,Africa,Beef,279000.0,2170.0,605430000.0,0.9981112530808876,50.378628764626775
ETH,Ethiopia,Africa,Palm oil,0.0,594.4,0.0,0.0,50.378628764626775
ETH,Ethiopia,Africa,Soybeans,3834.2300000000005,298.8,1145667.924,0.0018887469191123981,50.378628764626775
FJI,Fiji,Asia-Pacific,Beef,2905.8,2170.0,6305586.0,1.0,4.05097002239551
FJI,Fiji,Asia-Pacific,Palm oil,0.0,594.4,0.0,0.0,4.05097002239551
FJI,Fiji,Asia-Pacific,Soybeans,0.0,298.8,0.0,0.0,4.05097002239551
GAB,Gabon,Africa,Beef,996.6,2170.0,2162622.0,0.32940984698344744,0.265892549959795
GAB,Gabon,Africa,Palm oil,6536.4,594.4,3885236.1599999997,0.5917978495364224,0.265892549959795
GAB,Gabon,Africa,Soybeans,1731.2,298.8,517282.56000000006,0.07879230348013014,0.265892549959795
GHA,Ghana,Africa,Beef,21505.5,2170.0,46666935.0,0.43731456717162853,15.312707040981874
GHA,Ghana,Africa,Palm oil,101018.8,594.4,60045574.72,0.5626854328283715,15.312707040981874
GHA,Ghana,Africa,Soybeans,0.0,298.8,0.0,0.0,15.312707040981874
GIN,Guinea,Africa,Beef,32513.25,2170.0,70553752.5,0.6953674115383605,12.434691020530817
GIN,Guinea,Africa,Palm oil,52000.0,594.4,30908800.0,0.3046325884616396,12.434691020530817
GIN,Guinea,Africa,Soybeans,0.0,298.8,0.0,0.0,12.434691020530817
GNB,Guinea-Bissau,Africa,Beef,4291.1,2170.0,9311687.0,0.7774964438946137,11.194540067224251
GNB,Guinea-Bissau,Africa,Palm oil,4483.2,594.4,2664814.0799999996,0.2225035561053863,11.194540067224251
GNB,Guinea-Bissau,Africa,Soybeans,0.0,298.8,0.0,0.0,11.194540067224251
GNQ,Equatorial Guinea,Africa,Beef,44.660000000000004,2170.0,96912.20000000001,0.035189626860732286,1.03744408950501
GNQ,Equatorial Guinea,Africa,Palm oil,4470.2,594.4,2657086.88,0.9648103731392677,1.03744408950501
GNQ,Equatorial Guinea,Africa,Soybeans,0.0,298.8,0.0,0.0,1.03744408950501
GTM,Guatemala,Latin America & Caribbean,Beef,57397.4,2170.0,124552358.0,0.7535765869498997,21.48999551689382
GTM,Guatemala,Latin America & Caribbean,Palm oil,50120.0,594.4,29791328.0,0.18024586314893357,21.48999551689382
GTM,Guatemala,Latin America & Caribbean,Soybeans,36606.2,298.8,10937932.559999999,0.06617754990116669,21.48999551689382
GUY,Guyana,Latin America & Caribbean,Beef,2160.0,2170.0,4687200.0,1.0,0.2467462029053744
GUY,Guyana,Latin America & Caribbean,Palm oil,0.0,594.4,0.0,0.0,0.2467462029053744
GUY,Guyana,Latin America & Caribbean,Soybeans,0.0,298.8,0.0,0.0,0.2467462029053744
HND,Honduras,Latin America & Caribbean,Beef,59608.8,2170.0,129351096.0,0.7108176975280526,23.509483629989603
HND,Honduras,Latin America & Caribbean,Palm oil,86120.0,594.4,51189728.0,0.28130078305673795,23.509483629989603
HND,Honduras,Latin America & Caribbean,Soybeans,4800.0,298.8,1434240.0,0.007881519415209547,23.509483629989603
IDN,Indonesia,Asia-Pacific,Beef,385696.2,2170.0,836960754.0,0.17802890296472462,29.265682757524736
IDN,Indonesia,Asia-Pacific,Palm oil,5839620.2,594.4,3471070246.88,0.7383271261074474,29.265682757524736
IDN,Indonesia,Asia-Pacific,Soybeans,1316038.6,298.8,393232333.68000007,0.08364397092782792,29.265682757524736
IND,India,Asia-Pacific,Beef,1265000.0,2170.0,2745050000.0,0.5944316709961697,118.92605531497914
IND,India,Asia-Pacific,Palm oil,0.0,594.4,0.0,0.0,118.92605531497914
IND,India,Asia-Pacific,Soybeans,6268040.0,298.8,1872890352.0,0.40556832900383033,118.92605531497914
KEN,Kenya,Africa,Beef,263683.8,2170.0,572193846.0,0.9989196188698294,172.56138989405542
KEN,Kenya,Africa,Palm oil,0.0,594.4,0.0,0.0,172.56138989405542
KEN,Kenya,Africa,Soybeans,2071.138,298.8,618856.0344,0.0010803811301705996,172.56138989405542
KHM,Cambodia,Asia-Pacific,Beef,56004.0,2170.0,121528680.0,0.9205463293062071,14.954204938927196
KHM,Cambodia,Asia-Pacific,Palm oil,0.0,594.4,0.0,0.0,14.954204938927196
KHM,Cambodia,Asia-Pacific,Soybeans,35104.8,298.8,10489314.240000002,0.07945367069379285,14.954204938927196
LAO,Laos,Asia-Pacific,Beef,31826.8,2170.0,69064156.0,0.9820757407885635,3.6782901355620314
LAO,Laos,Asia-Pacific,Palm oil,0.0,594.4,0.0,0.0,3.6782901355620314
LAO,Laos,Asia-Pacific,Soybeans,4218.6,298.8,1260517.6800000002,0.017924259211436415,3.6782901355620314
LBR,Liberia,Africa,Beef,1000.0,2170.0,2170000.0,0.08072179842895476,2.864492421658275
LBR,Liberia,Africa,Palm oil,40183.0,594.4,23884775.2,0.88848940516834,2.864492421658275
LBR,Liberia,Africa,Soybeans,2770.008,298.8,827678.3904,0.030788796402705314,2.864492421658275
LKA,Sri Lanka,Asia-Pacific,Beef,34832.15,2170.0,75585765.5,0.9974881843056452,19.232918130001213
LKA,Sri Lanka,Asia-Pacific,Palm oil,0.0,594.4,0.0,0.0,19.232918130001213
LKA,Sri Lanka,Asia-Pacific,Soybeans,637.0,298.8,190335.6,0.002511815694354853,19.232918130001213
MDG,Madagascar,Africa,Beef,44829.0,2170.0,97278930.0,0.9788080408600159,5.798063580436336
MDG,Madagascar,Africa,Palm oil,3520.0,594.4,2092288.0,0.021052331868729655,5.798063580436336
MDG,Madagascar,Africa,Soybeans,46.442,298.8,13876.8696,0.00013962727125438072,5.798063580436336
MEX,México,Latin America & Caribbean,Beef,1371606.6,2170.0,2976386322.0,0.9848574291768715,56.840520604835994
MEX,México,Latin America & Caribbean,Palm oil,14050.0,594.4,8351320.0,0.0027633709658720137,56.840520604835994
MEX,México,Latin America & Caribbean,Soybeans,125206.8,298.8,37411791.84,0.01237919985725652,56.840520604835994
MMR,Myanmar,Asia-Pacific,Beef,77045.242,2170.0,167188175.14,0.8682021964838871,4.4926072675448845
MMR,Myanmar,Asia-Pacific,Palm oil,0.0,594.4,0.0,0.0,4.4926072675448845
MMR,Myanmar,Asia-Pacific,Soybeans,84940.0,298.8,25380072.0,0.13179780351611295,4.4926072675448845
MOZ,Mozambique,Africa,Beef,13200.0,2170.0,28644000.0,1.0,0.9904382461027427
MOZ,Mozambique,Africa,Palm oil,0.0,594.4,0.0,0.0,0.9904382461027427
MOZ,Mozambique,Africa,Soybeans,0.0,298.8,0.0,0.0,0.9904382461027427
MWI,Malawi,Africa,Beef,16198.4,2170.0,35150528.0,1.0,23.109717901314113
MWI,Malawi,Africa,Palm oil,0.0,594.4,0.0,0.0,23.109717901314113
MWI,Malawi,Africa,Soybeans,0.0,298.8,0.0,0.0,23.109717901314113
MYS,Malaysia,Asia-Pacific,Beef,16899.8,2170.0,36672566.0,0.006497298159898613,191.69040066608775
MYS,Malaysia,Asia-Pacific,Palm oil,9434062.6,594.4,5607606809.44,0.9935027018401014,191.69040066608775
MYS,Malaysia,Asia-Pacific,Soybeans,0.0,298.8,0.0,0.0,191.69040066608775
NGA,Nigeria,Africa,Beef,289600.0,2170.0,628432000.0,0.5043691036202612,123.99325965446623
NGA,Nigeria,Africa,Palm oil,845200.0,594.4,502386880.0,0.4032073801718877,123.99325965446623
NGA,Nigeria,Africa,Soybeans,385400.0,298.8,115157520.0,0.09242351620785112,123.99325965446623
NIC,Nicaragua,Latin America & Caribbean,Beef,49205.6,2170.0,106776152.0,0.9071178901733402,15.14165781328649
NIC,Nicaragua,Latin America & Caribbean,Palm oil,7940.0,594.4,4719536.0,0.04009486630420176,15.14165781328649
NIC,Nicaragua,Latin America & Caribbean,Soybeans,20795.0,298.8,6213546.0,0.05278724352245806,15.14165781328649
NPL,Nepal,Asia-Pacific,Beef,115398.6,2170.0,250414962.0,0.9816654476270648,49.42649294705696
NPL,Nepal,Asia-Pacific,Palm oil,0.0,594.4,0.0,0.0,49.42649294705696
NPL,Nepal,Asia-Pacific,Soybeans,15652.6,298.8,4676996.88,0.01833455237293523,49.42649294705696
PAN,Panama,Latin America & Caribbean,Beef,70722.2,2170.0,153467174.0,0.9643282528073391,27.751617931119387
PAN,Panama,Latin America & Caribbean,Palm oil,9500.0,594.4,5646800.0,0.03548230306210293,27.751617931119387
PAN,Panama,Latin America & Caribbean,Soybeans,100.9,298.8,30148.920000000002,0.0001894441305580322,27.751617931119387
PER,Peru,Latin America & Caribbean,Beef,121495.2,2170.0,263644584.0,0.9297004699604519,3.632682807745561
PER,Peru,Latin America & Caribbean,Palm oil,31700.0,594.4,18842480.0,0.06644499289702994,3.632682807745561
PER,Peru,Latin America & Caribbean,Soybeans,3658.2,298.8,1093070.16,0.003854537142518149,3.632682807745561
PHL,Philippines,Asia-Pacific,Beef,216340.2,2170.0,469458234.0,0.9392866304582763,26.872039713263373
PHL,Philippines,Asia-Pacific,Palm oil,50400.0,594.4,29957760.0,0.059939141351768754,26.872039713263373
PHL,Philippines,Asia-Pacific,Soybeans,1295.0520000000001,298.8,386961.53760000004,0.0007742281899549294,26.872039713263373
PNG,Papua New Guinea,Asia-Pacific,Beef,2556.0,2170.0,5546520.0,0.031411205645050275,4.114088339908083
PNG,Papua New Guinea,Asia-Pacific,Palm oil,287737.6,594.4,171031229.43999997,0.9685887943549497,4.114088339908083
PNG,Papua New Guinea,Asia-Pacific,Soybeans,0.0,298.8,0.0,0.0,4.114088339908083
PRY,Paraguay,Latin America & Caribbean,Beef,216880.6,2170.0,470630902.0,0.3603589367198814,53.80442142464234
PRY,Paraguay,Latin America & Caribbean,Palm oil,2536.6,594.4,1507755.0399999998,0.0011544779587134766,53.80442142464234
PRY,Paraguay,Latin America & Caribbean,Soybeans,2790720.4,298.8,833867255.52,0.6384865853214051,53.80442142464234
SLB,Solomon Islands,Asia-Pacific,Beef,610.5,2170.0,1324785.0,0.06804848710957112,7.101072478664776
SLB,Solomon Islands,Asia-Pacific,Palm oil,30524.0,594.4,18143465.599999998,0.9319515128904289,7.101072478664776
SLB,Solomon Islands,Asia-Pacific,Soybeans,0.0,298.8,0.0,0.0,7.101072478664776
SLE,Sierra Leone,Africa,Beef,3971.7019999999998,2170.0,8618593.34,0.2563059717475326,5.985565754341495
SLE,Sierra Leone,Africa,Palm oil,42072.0,594.4,25007596.8,0.7436940282524674,5.985565754341495
SLE,Sierra Leone,Africa,Soybeans,0.0,298.8,0.0,0.0,5.985565754341495
SSD,South Sudan,Africa,Beef,,2170.0,,,
SSD,South Sudan,Africa,Palm oil,,594.4,,,
SSD,South Sudan,Africa,Soybeans,,298.8,,,
SUR,Suriname,Latin America & Caribbean,Beef,2031.4,2170.0,4408138.0,0.9840244963354183,0.3211304194792826
SUR,Suriname,Latin America & Caribbean,Palm oil,101.8,594.4,60509.92,0.013507572483278983,0.3211304194792826
SUR,Suriname,Latin America & Caribbean,Soybeans,37.0,298.8,11055.6,0.00246793118130282,0.3211304194792826
THA,Thailand,Asia-Pacific,Beef,258570.86599999998,2170.0,561098779.2199999,0.5882977214285264,47.79480294403814
THA,Thailand,Asia-Pacific,Palm oil,494767.6,594.4,294089861.44,0.3083456991670749,47.79480294403814
THA,Thailand,Asia-Pacific,Soybeans,329913.2,298.8,98578064.16000001,0.10335657940439869,47.79480294403814
TWN,Taiwan,Asia-Pacific,Beef,5784.6,2170.0,12552582.0,0.927066060586187,5.780986183390609
TWN,Taiwan,Asia-Pacific,Palm oil,0.0,594.4,0.0,0.0,5.780986183390609
TWN,Taiwan,Asia-Pacific,Soybeans,3305.0,298.8,987534.0,0.072933939413813,5.780986183390609
TZA,Tanzania,Africa,Beef,204000.0,2170.0,442680000.0,0.9911424693972661,16.914441423777912
TZA,Tanzania,Africa,Palm oil,5666.0,594.4,3367870.4,0.007540524498206285,16.914441423777912
TZA,Tanzania,Africa,Soybeans,1968.616,298.8,588222.4608,0.0013170061045275337,16.914441423777912
UGA,Uganda,Africa,Beef,92350.0,2170.0,200399500.0,0.8720550987021751,29.59469936195356
UGA,Uganda,Africa,Palm oil,0.0,594.4,0.0,0.0,29.59469936195356
UGA,Uganda,Africa,Soybeans,98400.0,298.8,29401920.0,0.12794490129782488,29.59469936195356
VEN,Venezuela,Latin America & Caribbean,Beef,399966.0,2170.0,867926220.0,0.9622331679174426,15.958953343334608
VEN,Venezuela,Latin America & Caribbean,Palm oil,54470.8,594.4,32377443.52,0.03589550508949675,15.958953343334608
VEN,Venezuela,Latin America & Caribbean,Soybeans,5649.0,298.8,1687921.2,0.0018713269930605522,15.958953343334608
VNM,Vietnam,Asia-Pacific,Beef,70780.0,2170.0,153592600.0,0.793275001191261,11.698403977805349
VNM,Vietnam,Asia-Pacific,Palm oil,0.0,594.4,0.0,0.0,11.698403977805349
VNM,Vietnam,Asia-Pacific,Soybeans,133955.0,298.8,40025754.0,0.20672499880873896,11.698403977805349
VUT,Vanuatu,Asia-Pacific,Beef,3743.6,2170.0,8123612.0,1.0,6.877696623553426
VUT,Vanuatu,Asia-Pacific,Palm oil,0.0,594.4,0.0,0.0,6.877696623553426
VUT,Vanuatu,Asia-Pacific,Soybeans,0.0,298.8,0.0,0.0,6.877696623553426
ZAF,South Africa,Africa,Beef,586200.0,2170.0,1272054000.0,0.9661435165410169,220.05747134313347
ZAF,South Africa,Africa,Palm oil,0.0,594.4,0.0,0.0,220.05747134313347
ZAF,South Africa,Africa,Soybeans,149185.0,298.8,44576478.0,0.03385648345898309,220.05747134313347
ZMB,Zambia,Africa,Beef,50979.0,2170.0,110624430.0,0.9312166066150793,4.934391512133072
ZMB,Zambia,Africa,Palm oil,0.0,594.4,0.0,0.0,4.934391512133072
ZMB,Zambia,Africa,Soybeans,27346.6,298.8,8171164.08,0.06878339338492073,4.934391512133072
ZWE,Zimbabwe,Africa,Beef,591648.11,2170.0,1283876398.7,0.9743113902778389,933.290582379251
ZWE,Zimbabwe,Africa,Palm oil,0.0,594.4,0.0,0.0,933.290582379251
ZWE,Zimbabwe,Africa,Soybeans,113288.4,298.8,33850573.92,0.025688609722161065,933.290582379251
